Season,Team,Predicted_Rank
2024-25,Dallas Mavericks,1
2024-25,Orlando Magic,2
2024-25,Indiana Pacers,3
2024-25,Houston Rockets,4
2024-25,Chicago Bulls,5
2024-25,Miami Heat,6
2024-25,Golden State Warriors,7
2024-25,Atlanta Hawks,8
2024-25,Memphis Grizzlies,9
2024-25,New York Knicks,10
2024-25,Detroit Pistons,11
2024-25,Sacramento Kings,12
2024-25,Boston Celtics,13
2024-25,Oklahoma City Thunder,14
2024-25,Milwaukee Bucks,15
2024-25,Cleveland Cavaliers,16
2024-25,Minnesota Timberwolves,17
2024-25,Los Angeles Lakers,18
2024-25,Denver Nuggets,19
